dataset_name,filename,extension,file_size_mb,row_count,column_count,domain,entity_type,task_type,category,category_reason,processing_strategy
archive (1).zip,archive (1).zip,.zip,4393.31,,,E-Commerce,Unknown,Unknown,duplicate/redundant,Duplicate archive of eCommerce Behavior data,Direct read
archive.zip,archive.zip,.zip,4393.31,,,E-Commerce,Event / Session / User,Conversion & Purchase Propensity,primary training,Massive multi-category eCommerce user clickstream (Oct-Nov 2019),DuckDB chunked aggregation on event level to customer level
bank-customer-churn-prediction-challenge.zip,bank-customer-churn-prediction-challenge.zip,.zip,0.62,,14,Banking,Bank Customer,Binary Classification (Exited/Churn),primary training,"Kaggle Bank Customer Churn with CreditScore, Balance, IsActiveMember, Exited",Zip-streamed CSV extraction into feature store
dataset (1).csv,dataset (1).csv,.csv,0.93,7043,21,Telecom,Unknown,Unknown,duplicate/redundant,Exact duplicate of dataset.csv,Direct read
dataset.csv,dataset.csv,.csv,0.93,7043,21,Telecom,Subscriber,Binary Classification (Churn),primary training,"Standard telecom customer churn dataset with contract, charges, and services",Direct read
home-credit-default-risk.zip,home-credit-default-risk.zip,.zip,688.19,,122,Fintech & Lending,Loan Applicant,Default & Credit Risk Estimation,primary training,"Comprehensive multi-table credit application, bureau history, and repayment records",Relational feature aggregation from application and bureau tables
kkbox-churn-prediction-challenge.zip,kkbox-churn-prediction-challenge.zip,.zip,8538.52,,,Subscription Music,Music Subscriber,Subscription Renewal Failure (Churn),benchmark,Large-scale KKBox WSDM benchmark with 7z-compressed transaction logs,Benchmarking & architecture reference for high-throughput subscription logging
meta.json,meta.json,.json,0.0,,7,Metadata,Unknown,Unknown,development only,Metadata or schema definition for synthetic B2B SaaS dataset,Direct read
online+retail+ii.zip,online+retail+ii.zip,.zip,43.51,,,Retail E-Commerce,Customer & Transactions,RFM Segmentation & Customer Lifetime Value,primary training,"Multi-year non-contractual transactions with invoices, unit prices, and quantities",Excel sheet stream -> DuckDB Parquet conversion -> RFM & K-Means
schema.json,schema.json,.json,0.01,,1,Metadata,Unknown,Unknown,development only,Metadata or schema definition for synthetic B2B SaaS dataset,Direct read
streaming-subscription-churn-model.zip,streaming-subscription-churn-model.zip,.zip,7.83,,20,Media & Streaming,Streaming Subscriber,Binary Classification (Churn),primary training,"Rich subscription audio/video streaming behavior, song skips, session lengths",Zip-streamed CSV extraction into feature store
user_monthly.parquet,user_monthly.parquet,.parquet,0.84,79817,15,B2B SaaS,Monthly Account Observation,Temporal Activity & Churn Prediction,primary training,"Longitudinal monthly usage, MRR, sessions, support, payment failures",Direct read
users.parquet,users.parquet,.parquet,0.22,5000,22,B2B SaaS,Customer / Account,Customer Intelligence & Churn,primary training,"Rich multi-tier customer demographics, pricing, company profile",Direct read
